{
  "a": 1.4736800039645424,
  "b": -1.259727781785233,
  "sampleSize": 5,
  "dateRange": {
    "start": "",
    "end": ""
  },
  "bucketMetrics": [
    {
      "bucket": "0.5-0.6",
      "n": 1,
      "predAvg": 0.5173333333333333,
      "hitRate": 1
    },
    {
      "bucket": "0.6-0.7",
      "n": 1,
      "predAvg": 0.6733333333333333,
      "hitRate": 1
    },
    {
      "bucket": "0.7-0.8",
      "n": 2,
      "predAvg": 0.7257,
      "hitRate": 0
    },
    {
      "bucket": "0.8-0.9",
      "n": 1,
      "predAvg": 0.8256666666666667,
      "hitRate": 1
    }
  ],
  "status": "small-sample"
}